uid,first_name,last_name,plan,total_charges
1000,James,Butt,flex,0
1001,Josephine,Darakjy,anytime,0
1002,Art,Venere,anytime,0
1003,Lenna,Paprocki,anytime,0
1004,Donette,Foller,flex,0
1005,Simona,Morasca,anytime,0
1006,Mitsue,Tollner,flex,0
1007,Leota,Dilliard,flex,0
1008,Sage,Wieser,anytime,0
1009,Kris,Marrier,anytime,0
1010,Minna,Amigon,anytime,0
1011,Abel,Maclead,anytime,0
1012,Kiley,Caldarera,flex,0
1013,Graciela,Ruta,anytime,0
1014,Cammy,Albares,anytime,0
1015,Mattie,Poquette,anytime,0
1016,Meaghan,Garufi,anytime,0
1017,Gladys,Rim,flex,0
1018,Yuki,Whobrey,anytime,0
1019,Fletcher,Flosi,flex,0
1020,Bette,Nicka,flex,0
1021,Veronika,Inouye,anytime,0
1022,Willard,Kolmetz,flex,0
1023,Maryann,Royster,anytime,0
1024,Alisha,Slusarski,flex,0
1025,Allene,Iturbide,anytime,0
1026,Chanel,Caudy,anytime,0
1027,Ezekiel,Chui,flex,0
1028,Willow,Kusko,flex,0
1029,Bernardo,Figeroa,anytime,0
1030,Ammie,Corrio,flex,0
1031,Francine,Vocelka,flex,0
1032,Ernie,Stenseth,anytime,0
1033,Albina,Glick,anytime,0
1034,Alishia,Sergi,anytime,0
1035,Solange,Shinko,anytime,0
1036,Jose,Stockham,anytime,0
1037,Rozella,Ostrosky,flex,0
1038,Valentine,Gillian,flex,0
1039,Kati,Rulapaugh,anytime,0
1040,Youlanda,Schemmer,flex,0
1041,Dyan,Oldroyd,anytime,0
1042,Roxane,Campain,anytime,0
1043,Lavera,Perin,anytime,0
1044,Erick,Ferencz,anytime,0
1045,Fatima,Saylors,anytime,0
1046,Jina,Briddick,flex,0
1047,Kanisha,Waycott,anytime,0
1048,Emerson,Bowley,anytime,0
1049,Blair,Malet,anytime,0
1050,Brock,Bolognia,anytime,0
1051,Lorrie,Nestle,flex,0
1052,Sabra,Uyetake,flex,0
1053,Marjory,Mastella,anytime,0
1054,Karl,Klonowski,flex,0
1055,Tonette,Wenner,flex,0
1056,Amber,Monarrez,anytime,0
1057,Shenika,Seewald,flex,0
1058,Delmy,Ahle,flex,0
1059,Deeanna,Juhas,anytime,0
1060,Blondell,Pugh,flex,0
1061,Jamal,Vanausdal,anytime,0
1062,Cecily,Hollack,anytime,0
1063,Carmelina,Lindall,flex,0
1064,Maurine,Yglesias,flex,0
1065,Tawna,Buvens,flex,0
1066,Penney,Weight,anytime,0
1067,Elly,Morocco,flex,0
1068,Ilene,Eroman,flex,0
1069,Vallie,Mondella,flex,0
1070,Kallie,Blackwood,anytime,0
1071,Johnetta,Abdallah,flex,0
1072,Bobbye,Rhym,flex,0
1073,Micaela,Rhymes,flex,0
1074,Tamar,Hoogland,anytime,0
1075,Moon,Parlato,flex,0
1076,Laurel,Reitler,flex,0
1077,Delisa,Crupi,anytime,0
1078,Viva,Toelkes,flex,0
1079,Elza,Lipke,flex,0
1080,Devorah,Chickering,anytime,0
1081,Timothy,Mulqueen,flex,0
1082,Arlette,Honeywell,flex,0
1083,Dominque,Dickerson,flex,0
1084,Lettie,Isenhower,flex,0
1085,Myra,Munns,anytime,0
1086,Stephaine,Barfield,flex,0
1087,Lai,Gato,flex,0
1088,Stephen,Emigh,flex,0
1089,Tyra,Shields,flex,0
1090,Tammara,Wardrip,anytime,0
1091,Cory,Gibes,anytime,0
1092,Danica,Bruschke,anytime,0
1093,Wilda,Giguere,flex,0
1094,Elvera,Benimadho,anytime,0
1095,Carma,Vanheusen,flex,0
1096,Malinda,Hochard,flex,0
1097,Natalie,Fern,anytime,0
1098,Lisha,Centini,flex,0
1099,Arlene,Klusman,anytime,0
1100,Alease,Buemi,flex,0
1101,Louisa,Cronauer,anytime,0
1102,Angella,Cetta,flex,0
1103,Cyndy,Goldammer,anytime,0
1104,Rosio,Cork,flex,0
1105,Celeste,Korando,anytime,0
1106,Twana,Felger,anytime,0
1107,Estrella,Samu,anytime,0
1108,Donte,Kines,flex,0
1109,Tiffiny,Steffensmeier,anytime,0
1110,Edna,Miceli,anytime,0
1111,Sue,Kownacki,flex,0
1112,Jesusa,Shin,flex,0
1113,Rolland,Francescon,flex,0
1114,Pamella,Schmierer,anytime,0
1115,Glory,Kulzer,flex,0
1116,Shawna,Palaspas,flex,0
1117,Brandon,Callaro,anytime,0
1118,Scarlet,Cartan,flex,0
1119,Oretha,Menter,anytime,0
1120,Ty,Smith,flex,0
1121,Xuan,Rochin,anytime,0
1122,Lindsey,Dilello,flex,0
1123,Devora,Perez,flex,0
1124,Herman,Demesa,anytime,0
1125,Rory,Papasergi,anytime,0
1126,Talia,Riopelle,anytime,0
1127,Van,Shire,flex,0
1128,Lucina,Lary,flex,0
1129,Bok,Isaacs,anytime,0
1130,Rolande,Spickerman,anytime,0
1131,Howard,Paulas,flex,0
1132,Kimbery,Madarang,flex,0
1133,Thurman,Manno,anytime,0
1134,Becky,Mirafuentes,anytime,0
1135,Beatriz,Corrington,flex,0
1136,Marti,Maybury,flex,0
1137,Nieves,Gotter,anytime,0
1138,Leatha,Hagele,flex,0
1139,Valentin,Klimek,flex,0
1140,Melissa,Wiklund,flex,0
1141,Sheridan,Zane,anytime,0
1142,Bulah,Padilla,anytime,0
1143,Audra,Kohnert,anytime,0
1144,Daren,Weirather,anytime,0
1145,Fernanda,Jillson,anytime,0
1146,Gearldine,Gellinger,anytime,0
1147,Chau,Kitzman,flex,0
1148,Theola,Frey,flex,0
1149,Cheryl,Haroldson,flex,0
1150,Laticia,Merced,anytime,0
1151,Carissa,Batman,flex,0
1152,Lezlie,Craghead,anytime,0
1153,Ozell,Shealy,flex,0
1154,Arminda,Parvis,anytime,0
1155,Reita,Leto,flex,0
1156,Yolando,Luczki,flex,0
1157,Lizette,Stem,anytime,0
1158,Gregoria,Pawlowicz,anytime,0
1159,Carin,Deleo,flex,0
1160,Chantell,Maynerich,anytime,0
1161,Dierdre,Yum,anytime,0
1162,Larae,Gudroe,anytime,0
1163,Latrice,Tolfree,anytime,0
1164,Kerry,Theodorov,anytime,0
1165,Dorthy,Hidvegi,flex,0
1166,Fannie,Lungren,anytime,0
1167,Evangelina,Radde,anytime,0
1168,Novella,Degroot,anytime,0
1169,Clay,Hoa,anytime,0
1170,Jennifer,Fallick,flex,0
1171,Irma,Wolfgramm,flex,0
1172,Eun,Coody,anytime,0
1173,Sylvia,Cousey,flex,0
1174,Nana,Wrinkles,anytime,0
1175,Layla,Springe,flex,0
1176,Joesph,Degonia,anytime,0
1177,Annabelle,Boord,flex,0
1178,Stephaine,Vinning,anytime,0
1179,Nelida,Sawchuk,anytime,0
1180,Marguerita,Hiatt,anytime,0
1181,Carmela,Cookey,flex,0
1182,Junita,Brideau,flex,0
1183,Claribel,Varriano,flex,0
1184,Benton,Skursky,anytime,0
1185,Hillary,Skulski,anytime,0
1186,Merilyn,Bayless,anytime,0
1187,Teri,Ennaco,anytime,0
1188,Merlyn,Lawler,flex,0
1189,Georgene,Montezuma,anytime,0
1190,Jettie,Mconnell,anytime,0
1191,Lemuel,Latzke,flex,0
1192,Melodie,Knipp,flex,0
1193,Candida,Corbley,flex,0
1194,Karan,Karpin,flex,0
1195,Andra,Scheyer,anytime,0
1196,Felicidad,Poullion,flex,0
1197,Belen,Strassner,anytime,0
1198,Gracia,Melnyk,anytime,0
1199,Jolanda,Hanafan,anytime,0
1200,Barrett,Toyama,anytime,0
1201,Helga,Fredicks,anytime,0
1202,Ashlyn,Pinilla,anytime,0
1203,Fausto,Agramonte,anytime,0
1204,Ronny,Caiafa,flex,0
1205,Marge,Limmel,anytime,0
1206,Norah,Waymire,anytime,0
1207,Aliza,Baltimore,flex,0
1208,Mozell,Pelkowski,anytime,0
1209,Viola,Bitsuie,anytime,0
1210,Franklyn,Emard,anytime,0
1211,Willodean,Konopacki,flex,0
1212,Beckie,Silvestrini,flex,0
1213,Rebecka,Gesick,anytime,0
1214,Frederica,Blunk,anytime,0
1215,Glen,Bartolet,anytime,0
1216,Freeman,Gochal,flex,0
1217,Vincent,Meinerding,flex,0
1218,Rima,Bevelacqua,anytime,0
1219,Glendora,Sarbacher,anytime,0
1220,Avery,Steier,anytime,0
1221,Cristy,Lother,flex,0
1222,Nicolette,Brossart,anytime,0
1223,Tracey,Modzelewski,anytime,0
1224,Virgina,Tegarden,anytime,0
1225,Tiera,Frankel,anytime,0
1226,Alaine,Bergesen,anytime,0
1227,Earleen,Mai,flex,0
1228,Leonida,Gobern,anytime,0
1229,Ressie,Auffrey,anytime,0
1230,Justine,Mugnolo,flex,0
1231,Eladia,Saulter,flex,0
1232,Chaya,Malvin,flex,0
1233,Gwenn,Suffield,flex,0
1234,Salena,Karpel,flex,0
1235,Yoko,Fishburne,flex,0
1236,Taryn,Moyd,anytime,0
1237,Katina,Polidori,flex,0
1238,Rickie,Plumer,flex,0
1239,Alex,Loader,anytime,0
1240,Lashon,Vizarro,flex,0
1241,Lauran,Burnard,anytime,0
1242,Ceola,Setter,flex,0
1243,My,Rantanen,anytime,0
1244,Lorrine,Worlds,anytime,0
1245,Peggie,Sturiale,flex,0
1246,Marvel,Raymo,anytime,0
1247,Daron,Dinos,anytime,0
1248,An,Fritz,anytime,0
1249,Portia,Stimmel,anytime,0
1250,Rhea,Aredondo,flex,0
1251,Benedict,Sama,anytime,0
1252,Alyce,Arias,flex,0
1253,Heike,Berganza,flex,0
1254,Carey,Dopico,flex,0
1255,Dottie,Hellickson,anytime,0
1256,Deandrea,Hughey,anytime,0
1257,Kimberlie,Duenas,flex,0
1258,Martina,Staback,flex,0
1259,Skye,Fillingim,flex,0
1260,Jade,Farrar,flex,0
1261,Charlene,Hamilton,flex,0
1262,Geoffrey,Acey,flex,0
1263,Stevie,Westerbeck,flex,0
1264,Pamella,Fortino,anytime,0
1265,Harrison,Haufler,flex,0
1266,Johnna,Engelberg,flex,0
1267,Buddy,Cloney,flex,0
1268,Dalene,Riden,anytime,0
1269,Jerry,Zurcher,flex,0
1270,Haydee,Denooyer,flex,0
1271,Joseph,Cryer,anytime,0
1272,Deonna,Kippley,anytime,0
1273,Raymon,Calvaresi,anytime,0
1274,Alecia,Bubash,anytime,0
1275,Ma,Layous,anytime,0
1276,Detra,Coyier,anytime,0
1277,Terrilyn,Rodeigues,flex,0
1278,Salome,Lacovara,anytime,0
1279,Garry,Keetch,anytime,0
1280,Matthew,Neither,anytime,0
1281,Theodora,Restrepo,flex,0
1282,Noah,Kalafatis,anytime,0
1283,Carmen,Sweigard,anytime,0
1284,Lavonda,Hengel,anytime,0
1285,Junita,Stoltzman,flex,0
1286,Herminia,Nicolozakes,anytime,0
1287,Casie,Good,anytime,0
1288,Reena,Maisto,flex,0
1289,Mirta,Mallett,flex,0
1290,Cathrine,Pontoriero,flex,0
1291,Filiberto,Tawil,flex,0
1292,Raul,Upthegrove,flex,0
1293,Sarah,Candlish,anytime,0
1294,Lucy,Treston,flex,0
1295,Judy,Aquas,anytime,0
1296,Yvonne,Tjepkema,flex,0
1297,Kayleigh,Lace,anytime,0
1298,Felix,Hirpara,flex,0
1299,Tresa,Sweely,anytime,0
1300,Kristeen,Turinetti,anytime,0
1301,Jenelle,Regusters,anytime,0
1302,Renea,Monterrubio,flex,0
1303,Olive,Matuszak,flex,0
1304,Ligia,Reiber,anytime,0
1305,Christiane,Eschberger,flex,0
1306,Goldie,Schirpke,flex,0
1307,Loreta,Timenez,anytime,0
1308,Fabiola,Hauenstein,flex,0
1309,Amie,Perigo,anytime,0
1310,Raina,Brachle,anytime,0
1311,Erinn,Canlas,flex,0
1312,Cherry,Lietz,anytime,0
1313,Kattie,Vonasek,flex,0
1314,Lilli,Scriven,anytime,0
1315,Whitley,Tomasulo,anytime,0
1316,Barbra,Adkin,flex,0
1317,Hermila,Thyberg,flex,0
1318,Jesusita,Flister,flex,0
1319,Caitlin,Julia,anytime,0
1320,Roosevelt,Hoffis,anytime,0
1321,Helaine,Halter,flex,0
1322,Lorean,Martabano,anytime,0
1323,France,Buzick,flex,0
1324,Justine,Ferrario,anytime,0
1325,Adelina,Nabours,anytime,0
1326,Derick,Dhamer,flex,0
1327,Jerry,Dallen,flex,0
1328,Leota,Ragel,anytime,0
1329,Jutta,Amyot,flex,0
1330,Aja,Gehrett,flex,0
1331,Kirk,Herritt,flex,0
1332,Leonora,Mauson,anytime,0
1333,Winfred,Brucato,anytime,0
1334,Tarra,Nachor,flex,0
1335,Corinne,Loder,flex,0
1336,Dulce,Labreche,flex,0
1337,Kate,Keneipp,anytime,0
1338,Kaitlyn,Ogg,anytime,0
1339,Sherita,Saras,flex,0
1340,Lashawnda,Stuer,flex,0
1341,Ernest,Syrop,anytime,0
1342,Nobuko,Halsey,anytime,0
1343,Lavonna,Wolny,flex,0
1344,Lashaunda,Lizama,anytime,0
1345,Mariann,Bilden,anytime,0
1346,Helene,Rodenberger,anytime,0
1347,Roselle,Estell,anytime,0
1348,Samira,Heintzman,anytime,0
1349,Margart,Meisel,anytime,0
1350,Kristofer,Bennick,anytime,0
1351,Weldon,Acuff,flex,0
1352,Shalon,Shadrick,anytime,0
1353,Denise,Patak,flex,0
1354,Louvenia,Beech,flex,0
1355,Audry,Yaw,anytime,0
1356,Kristel,Ehmann,anytime,0
1357,Vincenza,Zepp,flex,0
1358,Elouise,Gwalthney,flex,0
1359,Venita,Maillard,anytime,0
1360,Kasandra,Semidey,anytime,0
1361,Xochitl,Discipio,anytime,0
1362,Maile,Linahan,anytime,0
1363,Krissy,Rauser,anytime,0
1364,Pete,Dubaldi,flex,0
1365,Linn,Paa,flex,0
1366,Paris,Wide,anytime,0
1367,Wynell,Dorshorst,flex,0
1368,Quentin,Birkner,flex,0
1369,Regenia,Kannady,anytime,0
1370,Sheron,Louissant,anytime,0
1371,Izetta,Funnell,flex,0
1372,Rodolfo,Butzen,flex,0
1373,Zona,Colla,anytime,0
1374,Serina,Zagen,flex,0
1375,Paz,Sahagun,anytime,0
1376,Markus,Lukasik,flex,0
1377,Jaclyn,Bachman,flex,0
1378,Cyril,Daufeldt,flex,0
1379,Gayla,Schnitzler,anytime,0
1380,Erick,Nievas,flex,0
1381,Jennie,Drymon,flex,0
1382,Mitsue,Scipione,flex,0
1383,Ciara,Ventura,flex,0
1384,Galen,Cantres,flex,0
1385,Truman,Feichtner,flex,0
1386,Gail,Kitty,anytime,0
1387,Dalene,Schoeneck,anytime,0
1388,Gertude,Witten,flex,0
1389,Lizbeth,Kohl,anytime,0
1390,Glenn,Berray,flex,0
1391,Lashandra,Klang,flex,0
1392,Lenna,Newville,anytime,0
1393,Laurel,Pagliuca,anytime,0
1394,Mireya,Frerking,flex,0
1395,Annelle,Tagala,anytime,0
1396,Dean,Ketelsen,anytime,0
1397,Levi,Munis,flex,0
1398,Sylvie,Ryser,flex,0
1399,Sharee,Maile,flex,0
1400,Cordelia,Storment,anytime,0
1401,Mollie,Mcdoniel,anytime,0
1402,Brett,Mccullan,flex,0
1403,Teddy,Pedrozo,anytime,0
1404,Tasia,Andreason,anytime,0
1405,Hubert,Walthall,anytime,0
1406,Arthur,Farrow,flex,0
1407,Vilma,Berlanga,flex,0
1408,Billye,Miro,flex,0
1409,Glenna,Slayton,anytime,0
1410,Mitzie,Hudnall,anytime,0
1411,Bernardine,Rodefer,anytime,0
1412,Staci,Schmaltz,flex,0
1413,Nichelle,Meteer,anytime,0
1414,Janine,Rhoden,flex,0
1415,Ettie,Hoopengardner,flex,0
1416,Eden,Jayson,anytime,0
1417,Lynelle,Auber,anytime,0
1418,Merissa,Tomblin,anytime,0
1419,Golda,Kaniecki,flex,0
1420,Catarina,Gleich,anytime,0
1421,Virgie,Kiel,flex,0
1422,Jolene,Ostolaza,flex,0
1423,Keneth,Borgman,flex,0
1424,Rikki,Nayar,anytime,0
1425,Elke,Sengbusch,flex,0
1426,Hoa,Sarao,flex,0
1427,Trinidad,Mcrae,anytime,0
1428,Mari,Lueckenbach,anytime,0
1429,Selma,Husser,anytime,0
1430,Antione,Onofrio,flex,0
1431,Luisa,Jurney,flex,0
1432,Clorinda,Heimann,anytime,0
1433,Dick,Wenzinger,flex,0
1434,Ahmed,Angalich,flex,0
1435,Iluminada,Ohms,flex,0
1436,Joanna,Leinenbach,flex,0
1437,Caprice,Suell,flex,0
1438,Stephane,Myricks,flex,0
1439,Quentin,Swayze,anytime,0
1440,Annmarie,Castros,flex,0
1441,Shonda,Greenbush,flex,0
1442,Cecil,Lapage,flex,0
1443,Jeanice,Claucherty,anytime,0
1444,Josphine,Villanueva,anytime,0
1445,Daniel,Perruzza,flex,0
1446,Cassi,Wildfong,anytime,0
1447,Britt,Galam,flex,0
1448,Adell,Lipkin,flex,0
1449,Jacqueline,Rowling,anytime,0
1450,Lonny,Weglarz,flex,0
1451,Lonna,Diestel,flex,0
1452,Cristal,Samara,flex,0
1453,Kenneth,Grenet,anytime,0
1454,Elli,Mclaird,anytime,0
1455,Alline,Jeanty,anytime,0
1456,Sharika,Eanes,anytime,0
1457,Nu,Mcnease,flex,0
1458,Daniela,Comnick,anytime,0
1459,Cecilia,Colaizzo,anytime,0
1460,Leslie,Threets,anytime,0
1461,Nan,Koppinger,anytime,0
1462,Izetta,Dewar,flex,0
1463,Tegan,Arceo,flex,0
1464,Ruthann,Keener,flex,0
1465,Joni,Breland,flex,0
1466,Vi,Rentfro,anytime,0
1467,Colette,Kardas,flex,0
1468,Malcolm,Tromblay,flex,0
1469,Ryan,Harnos,flex,0
1470,Jess,Chaffins,anytime,0
1471,Sharen,Bourbon,flex,0
1472,Nickolas,Juvera,anytime,0
1473,Gary,Nunlee,flex,0
1474,Diane,Devreese,flex,0
1475,Roslyn,Chavous,anytime,0
1476,Glory,Schieler,anytime,0
1477,Rasheeda,Sayaphon,flex,0
1478,Alpha,Palaia,anytime,0
1479,Refugia,Jacobos,anytime,0
1480,Shawnda,Yori,flex,0
1481,Mona,Delasancha,anytime,0
1482,Gilma,Liukko,flex,0
1483,Janey,Gabisi,flex,0
1484,Lili,Paskin,anytime,0
1485,Loren,Asar,anytime,0
1486,Dorothy,Chesterfield,flex,0
1487,Gail,Similton,anytime,0
1488,Catalina,Tillotson,anytime,0
1489,Lawrence,Lorens,anytime,0
1490,Carlee,Boulter,flex,0
1491,Thaddeus,Ankeny,flex,0
1492,Jovita,Oles,anytime,0
1493,Alesia,Hixenbaugh,anytime,0
1494,Lai,Harabedian,anytime,0
1495,Brittni,Gillaspie,flex,0
1496,Raylene,Kampa,anytime,0
1497,Flo,Bookamer,anytime,0
1498,Jani,Biddy,anytime,0
1499,Chauncey,Motley,anytime,0